Domain,Status,Attractiveness,Demand,Length,Sectors,Created,Expires,Registrar
one.host,available,132,43%,3,"Business,General,Media,Technology",,,
brief.host,available,124,19%,5,"Business,Education,General,Law",,,
complete.host,available,120,21%,8,"Manufacturing,Retail,Technology",,,
second.host,available,120,23%,6,"General,Mathematics",,,
wizard.host,available,118,42%,6,"Entertainment,Media,Technology",,,
flat.host,available,116,23%,4,"Construction,Real Estate",,,
tenth.host,available,116,7%,5,Mathematics,,,
equal.host,available,116,19%,5,"Education,General,Law",,,
tonic.host,available,114,22%,5,"Health and Fitness,Medicine,Science",,,
zero.host,available,112,49%,4,Mathematics,,,
hotshot.host,available,112,14%,7,"Business,Entertainment,Sports",,,
above.host,available,112,22%,5,Business,,,
acute.host,available,112,9%,5,"Mathematics,Medicine,Science",,,
abiding.host,available,106,5%,7,"General,Religion",,,
teen.host,available,104,14%,4,"Education,Entertainment,Healthcare",,,
active.host,available,104,27%,6,"Health and Fitness,Sports,Travel",,,
expert.host,available,104,26%,6,"Business,Education,Technology",,,
absent.host,available,102,8%,6,"Business,Education,Technology",,,
captive.host,available,102,14%,7,"Entertainment,Hospitality,Technology",,,
extra.host,available,102,26%,5,"Fashion,Retail,Technology",,,
eight.host,available,102,23%,5,"General,Mathematics",,,
sixth.host,available,100,8%,5,Mathematics,,,
third.host,available,100,15%,5,Mathematics,,,
whiz.host,available,100,12%,4,"Business,Education,Technology",,,
abrupt.host,available,100,3%,6,"Medicine,Science",,,
ninth.host,available,100,9%,5,Mathematics,,,
remove.host,available,100,13%,6,"Construction,Manufacturing,Technology",,,
adjunct.host,available,100,5%,7,Education,,,
crack.host,available,100,20%,5,Sports,,,
eighth.host,available,100,6%,6,Mathematics,,,
genius.host,available,98,46%,6,"Arts,Education,Technology",,,
whizz.host,available,98,11%,5,"Business,Education,Technology",,,
actual.host,available,96,22%,6,"Real Estate,Retail,Technology",,,
alamode.host,available,96,12%,9,Fashion,,,
forgiving.host,available,96,3%,9,"Healthcare,Religion",,,
doable.host,available,96,9%,6,"Business,Education,Technology",,,
academic.host,available,96,20%,8,"Education,Humanities,Science",,,
abject.host,available,94,7%,6,Humanities,,,
around.host,available,94,22%,6,"Business,General,Media,Technology",,,
virtuoso.host,available,94,16%,8,"Arts,Entertainment",,,
adequate.host,available,94,9%,8,"Education,Healthcare,Technology",,,
about.host,available,94,28%,5,"Business,General,Media,Technology",,,
adept.host,available,92,24%,5,"Education,Health and Fitness,Sports",,,
neutral.host,available,92,20%,7,"Business,Media,Politics",,,
twentieth.host,available,92,3%,9,Mathematics,,,
derelict.host,available,92,7%,8,"Construction,Real Estate",,,
exemplary.host,available,92,5%,9,"Business,Education,Healthcare",,,
abroad.host,available,92,12%,6,"Hospitality,Travel",,,
adjective.host,available,92,5%,9,Education,,,
next.host,available,92,43%,4,"Retail,Technology,Transportation",,,
nought.host,available,92,4%,6,Mathematics,,,
riveting.host,available,90,6%,8,"Entertainment,Media,Technology",,,
additional.host,available,90,8%,10,"Fashion,Retail,Technology",,,
clear.host,available,90,47%,5,"Manufacturing,Retail,Technology",,,
gripping.host,available,90,3%,8,"Entertainment,Media,Technology",,,
adoring.host,available,90,2%,7,"Entertainment,Fashion,Retail",,,
abortive.host,available,90,1%,8,"Medicine,Science",,,
leash.host,available,90,7%,5,"General,Health and Fitness,Retail",,,
addictive.host,available,90,9%,9,Healthcare,,,
endearing.host,available,90,1%,9,"Entertainment,Fashion,Retail",,,
adlib.host,available,88,7%,6,Entertainment,,,
proficient.host,available,88,8%,10,"Education,Health and Fitness,Sports",,,
wide.host,available,88,18%,4,"Business,Media,Technology",,,
three.host,available,88,23%,5,Mathematics,,,
fifteen.host,available,88,13%,7,Mathematics,,,
hundred.host,available,88,13%,7,Mathematics,,,
activist.host,available,88,12%,8,"Humanities,Politics",,,
sixteen.host,available,88,10%,7,Mathematics,,,
ten.host,available,88,27%,3,"General,Mathematics",,,
actionable.host,available,88,13%,10,"Business,Law",,,
twelve.host,available,88,18%,6,"General,Mathematics",,,
ace.host,available,88,34%,3,Sports,,,
eleven.host,available,88,32%,6,Mathematics,,,
star.host,available,86,40%,4,"Entertainment,Media,Sports",,,
engrossing.host,available,86,0%,10,"Entertainment,Media,Technology",,,
attendant.host,available,86,5%,9,"Healthcare,Hospitality,Transportation",,,
aboriginal.host,available,86,10%,10,Humanities,,,
intent.host,resell,86,25%,6,"Business,Education,Technology",18/05/2024 06:09,18/05/2034 23:59,Alibaba Cloud Computing Ltd. d/b/a HiChina (www.net.cn)
extempore.host,available,86,3%,9,Entertainment,,,
xiv.host,available,86,12%,3,Mathematics,,,
recondite.host,available,86,4%,9,"Arts,Humanities,Science",,,
adolescent.host,available,86,3%,10,"Education,Entertainment,Healthcare",,,
xix.host,available,86,10%,3,Mathematics,,,
twentytwo.host,available,84,10%,10,Mathematics,,,
deviate.host,available,84,12%,7,"Medicine,Science",,,
grand.host,available,84,25%,5,"Finance,General",,,
accessory.host,available,84,8%,9,"Fashion,Retail,Technology",,,
acting.host,available,84,12%,6,Entertainment,,,
twentyone.host,available,84,13%,10,Mathematics,,,
thousand.host,available,84,8%,8,Mathematics,,,
nineteen.host,available,84,8%,8,Mathematics,,,
fourteen.host,available,84,8%,8,Mathematics,,,
adjustable.host,available,84,3%,10,"Manufacturing,Retail,Technology",,,
seventeen.host,available,84,7%,9,Mathematics,,,
cleansing.host,available,82,3%,9,Health and Fitness,,,
fivesome.host,available,82,1%,8,Sports,,,
abroach.host,available,82,1%,7,Food and Beverage,,,
abdominal.host,available,82,1%,9,"Health and Fitness,Medicine",,,
dozen.host,available,82,10%,5,Mathematics,,,
impromptu.host,available,82,16%,9,Entertainment,,,
decade.host,available,82,10%,6,Mathematics,,,
abkhaz.host,available,82,1%,6,Geography,,,
good.host,available,82,47%,4,"Food and Beverage,General,Health and Fitness,Retail",,,
absorbent.host,available,82,3%,9,"Healthcare,Manufacturing,Retail",,,
abenaki.host,available,82,2%,7,Geography,,,
altered.host,available,82,9%,7,"Medicine,Science",,,
enduring.host,available,82,9%,8,"Health and Fitness,Religion",,,
nine.host,available,80,24%,4,"General,Mathematics",,,
able.host,available,80,29%,4,"Business,Education,General,Technology",,,
twenty.host,available,80,12%,6,Mathematics,,,
wiz.host,available,80,30%,3,"Business,Education,Technology",,,
capable.host,available,80,12%,7,"Business,Education,Technology",,,
worshipful.host,available,80,1%,10,"Education,Healthcare,Religion",,,
first.host,available,80,34%,5,"General,Mathematics",,,
absurd.host,available,80,16%,6,"Arts,Entertainment,Media",,,
forty.host,available,80,9%,5,Mathematics,,,
sequent.host,available,80,7%,7,"Healthcare,Insurance,Transportation",,,
absorbable.host,available,80,0%,10,"Healthcare,Pharmaceuticals,Science",,,
adoptable.host,available,80,3%,9,"Education,Healthcare",,,
two.host,available,80,23%,3,Mathematics,,,
superstar.host,available,80,18%,9,Entertainment,,,
abundant.host,available,80,19%,8,"Agriculture,Manufacturing,Retail",,,
absolute.host,available,80,25%,8,"Engineering,Mathematics,Science",,,
yard.host,available,80,25%,4,"Construction,General",,,
seventh.host,available,80,10%,7,Mathematics,,,
dorsal.host,available,80,6%,6,"Medicine,Science",,,
adorable.host,available,78,8%,8,"Entertainment,Fashion,Retail",,,
abounding.host,available,78,2%,9,Agriculture,,,
athletic.host,available,78,15%,8,"Health and Fitness,Sports",,,
abkhasian.host,available,78,1%,9,Geography,,,
honestly.host,available,78,9%,8,"Business,Law",,,
accurate.host,available,78,16%,8,"Engineering,Mathematics,Science",,,
adjacent.host,available,78,9%,8,"Construction,Real Estate,Retail",,,
acceptable.host,available,78,5%,10,"Business,Hospitality,Retail",,,
dormant.host,available,78,4%,7,"Medicine,Science",,,
low.host,available,78,20%,3,"Business,Finance",,,
accepted.host,available,78,6%,8,"Business,Education,Technology",,,
adrenal.host,available,78,4%,7,"Education,Healthcare,Science",,,
recognized.host,available,78,3%,10,"Business,Education,Technology",,,
acceptant.host,available,78,1%,9,"Education,Healthcare",,,
sixtynine.host,available,78,8%,10,Mathematics,,,
absorptive.host,available,78,1%,10,"Healthcare,Manufacturing,Retail",,,
abkhazian.host,available,78,1%,9,Geography,,,
recognised.host,available,78,3%,10,"Business,Education,Technology",,,
accidental.host,available,78,11%,10,"Healthcare,Insurance,Transportation",,,
thousandth.host,available,76,1%,10,Mathematics,,,
nineteenth.host,available,76,3%,10,Mathematics,,,
acoustic.host,available,76,14%,8,Science,,,
adaptable.host,available,76,9%,9,"Business,Education,Technology",,,
adaptive.host,expired,76,28%,8,"Business,Education,Technology",27/06/2020 19:53,27/06/2025 23:59,Namecheap
eighteen.host,available,76,7%,8,Mathematics,,,
ventral.host,available,76,3%,7,Science,,,
ancillary.host,available,76,6%,9,"Healthcare,Manufacturing,Technology",,,
resultant.host,available,76,2%,9,"Healthcare,Insurance,Transportation",,,
ague.host,available,76,2%,4,"Geography,Medicine,Science",,,
energizing.host,available,76,3%,10,"Food and Beverage,Health and Fitness,Travel",,,
adipose.host,available,76,2%,7,"Healthcare,Science",,,
threed.host,available,76,7%,7,Technology,,,
fourteenth.host,available,76,2%,10,Mathematics,,,
adherent.host,available,76,4%,8,"Politics,Religion",,,
fifteenth.host,available,76,2%,9,Mathematics,,,
incidental.host,available,76,4%,10,"Healthcare,Insurance,Transportation",,,
adhesive.host,available,76,7%,8,"Construction,Manufacturing,Technology",,,
firstrate.host,available,76,6%,10,Business,,,
hundredth.host,available,76,1%,9,Mathematics,,,
improvise.host,available,76,4%,9,Entertainment,,,
obscene.host,available,76,5%,7,"Entertainment,Media",,,
diamond.host,available,76,32%,7,Fashion,,,
auxiliary.host,available,76,7%,9,"Healthcare,Manufacturing,Technology",,,
abrasive.host,available,76,6%,8,"Construction,Manufacturing",,,
thirteenth.host,available,76,3%,10,Mathematics,,,
addable.host,available,76,2%,7,"Engineering,Mathematics,Science",,,
abnormal.host,available,74,16%,8,"Medicine,Science",,,
adamant.host,available,74,14%,7,Religion,,,
mavin.host,available,74,7%,5,"Entertainment,Fashion,Technology",,,
achievable.host,available,74,4%,10,"Business,Education,Technology",,,
manageable.host,available,74,4%,10,"Business,Education,Technology",,,
supra.host,available,74,25%,5,"Medicine,Science",,,
realizable.host,available,74,1%,10,"Business,Education,Technology",,,
broad.host,available,74,13%,5,"Entertainment,General,Media",,,
sensation.host,available,74,7%,9,"Entertainment,Media,Sports",,,
adenoid.host,available,74,1%,7,"Health and Fitness,Medicine,Science",,,
accepting.host,available,74,3%,9,"Education,Healthcare",,,
skilful.host,available,74,3%,7,"Education,Health and Fitness,Sports",,,
aberrant.host,available,74,6%,8,"Medicine,Science",,,
adrenergic.host,available,74,1%,10,"Education,Healthcare,Science",,,
adapted.host,available,74,6%,7,"Healthcare,Manufacturing,Technology",,,
cleared.host,available,74,7%,7,"Healthcare,Law,Transportation",,,
admirable.host,available,74,5%,9,"Business,Education,Healthcare",,,
single.host,available,74,19%,6,Sports,,,
acuate.host,available,74,2%,6,"Engineering,Medicine,Science",,,
playing.host,available,74,12%,7,Entertainment,,,
activated.host,available,74,9%,9,"Healthcare,Manufacturing,Technology",,,
adaptative.host,available,72,1%,10,"Business,Education,Technology",,,
aching.host,available,72,4%,6,Healthcare,,,
accustomed.host,available,72,1%,10,"Business,Education,Humanities",,,
champion.host,available,72,28%,8,"Entertainment,Health and Fitness,Sports",,,
liv.host,available,72,28%,3,Mathematics,,,
absolutist.host,available,72,1%,10,"Humanities,Law,Politics",,,
adjunctive.host,available,72,1%,10,"Healthcare,Manufacturing,Technology",,,
ablaze.host,available,72,6%,6,Entertainment,,,
abreast.host,available,72,2%,7,"Business,Technology",,,
absorbed.host,available,72,2%,8,"Entertainment,Media,Technology",,,
abloom.host,available,72,5%,6,Agriculture,,,
accusative.host,available,72,0%,10,"Humanities,Law",,,
trinity.host,sold,72,18%,7,Religion,19/08/2025 20:15,19/08/2028 23:59,Squarespace Domains LLC
seventieth.host,available,72,1%,10,Mathematics,,,
addicted.host,available,72,9%,8,Healthcare,,,
improvize.host,available,72,1%,9,Entertainment,,,
adjectival.host,available,72,1%,10,Education,,,
lovely.host,available,72,26%,6,"Entertainment,Fashion,Retail",,,
ternary.host,available,72,7%,7,Mathematics,,,
eightieth.host,available,72,1%,9,Mathematics,,,
trey.host,available,72,13%,4,Sports,,,
adiabatic.host,available,72,3%,9,"Engineering,Science",,,
sixtieth.host,available,72,1%,8,Mathematics,,,
engrossed.host,available,72,1%,9,"Entertainment,Media,Technology",,,
deep.host,available,72,41%,4,"Engineering,Mathematics,Science",,,
existent.host,available,72,3%,8,"Mathematics,Science",,,
ninetieth.host,available,72,1%,9,Mathematics,,,
adonic.host,available,72,2%,6,"Arts,Education,Entertainment",,,
abradant.host,available,70,1%,8,"Construction,Manufacturing",,,
practiced.host,available,70,3%,9,"Education,Health and Fitness,Sports",,,
miserable.host,available,70,4%,9,Humanities,,,
absorbing.host,available,70,3%,9,"Entertainment,Media,Technology",,,
skillful.host,available,70,9%,8,"Education,Health and Fitness,Sports",,,
recumbent.host,available,70,2%,9,"Healthcare,Medicine,Science",,,
unity.host,available,70,38%,5,Mathematics,,,
consequent.host,available,70,3%,10,"Business,Education,General,Technology",,,
abulic.host,available,70,1%,6,Medicine,,,
gymnastic.host,available,70,3%,9,"Entertainment,Sports",,,
stillborn.host,available,70,2%,9,"Medicine,Science",,,
admired.host,available,70,5%,7,"Business,Education,Healthcare",,,
offhand.host,available,70,2%,7,Entertainment,,,
adjusted.host,available,70,5%,8,"Manufacturing,Retail,Technology",,,
adored.host,available,70,6%,6,"Entertainment,Fashion,Retail",,,
accumbent.host,available,70,1%,9,"Healthcare,Medicine,Science",,,
adamantine.host,available,70,4%,10,Religion,,,
acuminate.host,available,70,1%,9,"Engineering,Medicine,Science",,,
lowdown.host,available,70,6%,8,"Entertainment,Media",,,
disciple.host,available,68,14%,8,"Education,Religion",,,
aroused.host,available,68,3%,7,"Entertainment,Health and Fitness",,,
licensed.host,available,68,5%,8,"Business,Healthcare,Insurance",,,
threesome.host,available,68,5%,9,Entertainment,,,
overseas.host,available,68,12%,8,"Hospitality,Travel",,,
foursome.host,available,68,4%,8,Sports,,,
acerate.host,available,68,1%,7,Science,,,
abducent.host,available,68,0%,8,Medicine,,,
aculeate.host,available,68,1%,8,"Engineering,Medicine,Science",,,
activating.host,available,68,3%,10,"Healthcare,Manufacturing,Technology",,,
decorated.host,available,68,3%,9,"Entertainment,Fashion,Retail",,,
scurvy.host,available,68,3%,6,Humanities,,,
octonary.host,available,68,1%,8,Mathematics,,,
achaean.host,available,68,2%,7,Humanities,,,
abnaki.host,available,68,1%,6,Geography,,,
ablative.host,available,68,3%,8,Science,,,
septenary.host,available,68,2%,9,Mathematics,,,
abkhas.host,available,68,0%,6,Geography,,,
vindicated.host,available,68,2%,10,"Humanities,Law,Politics",,,
ennead.host,available,68,5%,6,Mathematics,,,
licenced.host,available,68,2%,8,"Business,Healthcare,Insurance",,,
sevener.host,available,68,1%,7,Mathematics,,,
fortieth.host,available,68,1%,8,Mathematics,,,
thirtieth.host,available,68,1%,9,Mathematics,,,
achaian.host,available,68,2%,7,Humanities,,,
fiftieth.host,available,68,1%,8,Mathematics,,,
stygian.host,available,68,5%,7,Humanities,,,
accredited.host,available,68,9%,10,"Business,Education,Healthcare",,,
ane.host,available,68,12%,3,Mathematics,,,
aberdonian.host,available,68,1%,10,Geography,,,
ninety.host,available,66,11%,6,Mathematics,,,
xvi.host,available,66,4%,3,Mathematics,,,
thirty.host,available,66,7%,6,Mathematics,,,
onec.host,available,66,6%,5,Mathematics,,,
accessary.host,available,66,1%,9,"Business,Law,Technology",,,
xvii.host,available,66,5%,4,Mathematics,,,
eighty.host,available,66,6%,6,Mathematics,,,
xxi.host,available,66,10%,3,Mathematics,,,
xiii.host,available,66,9%,4,Mathematics,,,
buzzing.host,available,66,7%,7,"Entertainment,Media,Technology",,,
xii.host,available,66,10%,3,Mathematics,,,
abstinent.host,available,66,1%,9,"Health and Fitness,Religion",,,
deuce.host,available,66,8%,5,Sports,,,
exonerated.host,available,66,2%,10,"Humanities,Law,Politics",,,
six.host,available,66,26%,3,Mathematics,,,
according.host,available,66,3%,9,"Business,Education,Technology",,,
performing.host,available,66,6%,10,Entertainment,,,
xviii.host,available,66,4%,5,Mathematics,,,
adorned.host,available,66,5%,7,"Entertainment,Fashion,Retail",,,
five.host,available,66,26%,4,Mathematics,,,
acrobatic.host,available,66,4%,9,"Entertainment,Sports",,,
teenager.host,available,66,4%,8,"Education,Entertainment,Healthcare",,,
clv.host,available,66,10%,3,Mathematics,,,
latest.host,available,66,18%,6,Technology,,,
four.host,available,66,27%,4,Mathematics,,,
acappella.host,available,66,6%,10,Entertainment,,,
modish.host,available,66,5%,6,Fashion,,,
acervate.host,available,66,1%,8,Science,,,
tenner.host,available,66,4%,6,Finance,,,
sextet.host,available,66,2%,6,Entertainment,,,
adopted.host,available,66,4%,7,"Education,Healthcare",,,
xxii.host,available,66,6%,4,Mathematics,,,
xxvi.host,available,66,3%,4,Mathematics,,,
fifty.host,available,66,13%,5,Mathematics,,,
xxv.host,available,66,6%,3,Mathematics,,,
aflame.host,available,64,3%,6,Entertainment,,,
adagio.host,available,64,14%,6,Entertainment,,,
deviant.host,available,64,12%,7,"Medicine,Science",,,
rising.host,resell,64,18%,6,"Construction,Manufacturing,Real Estate",20/03/2025 00:37,20/03/2026 23:59,Dynadot LLC
accordant.host,available,64,3%,9,"Arts,Entertainment",,,
acentric.host,available,64,2%,8,Science,,,
ccc.host,available,64,38%,3,Mathematics,,,
astringent.host,available,64,1%,10,"Healthcare,Pharmaceuticals",,,
scatty.host,available,64,1%,6,"Arts,Entertainment,Media",,,
nondrinker.host,available,64,1%,10,"Health and Fitness,Religion",,,
absolved.host,available,64,1%,8,"Humanities,Law,Religion",,,
activistic.host,available,62,1%,10,"Humanities,Politics",,,
ensuant.host,available,62,1%,7,"Healthcare,Insurance,Transportation",,,
eleventh.host,expired,62,5%,8,Mathematics,10/07/2024 18:49,10/07/2025 23:59,"Registrar of Domain Names REG.RU, LLC"
roughly.host,available,62,3%,7,"Business,Media,Technology",,,
fortyfour.host,available,62,6%,10,Mathematics,,,
admissible.host,available,62,1%,10,"Education,Healthcare,Law",,,
sixteenth.host,available,62,1%,9,Mathematics,,,
pungent.host,available,62,1%,7,Food and Beverage,,,
cumulative.host,available,62,2%,10,"Banking,Finance,Insurance",,,
acidic.host,available,62,5%,6,"Food and Beverage,Science",,,
wrapped.host,available,62,13%,7,"Fashion,Hospitality,Retail",,,
quartet.host,available,62,7%,7,"Arts,Entertainment",,,
abo.host,available,62,15%,3,Science,,,
troika.host,available,62,8%,6,Politics,,,
adoptive.host,available,62,1%,8,"Education,Healthcare",,,
eighteenth.host,available,62,1%,10,Mathematics,,,
aborigine.host,available,62,1%,9,Humanities,,,
exculpated.host,available,62,1%,10,"Humanities,Law,Politics",,,
aufait.host,available,62,3%,7,"Fashion,Media",,,
chiliad.host,available,62,2%,7,Mathematics,,,
accrued.host,available,62,2%,7,"Banking,Finance,Insurance",,,
playacting.host,available,62,1%,10,Entertainment,,,
adjuvant.host,available,62,5%,8,"Healthcare,Manufacturing,Technology",,,
longdozen.host,available,62,1%,10,Mathematics,,,
activation.host,available,62,16%,10,"Healthcare,Manufacturing,Technology",,,
twodozen.host,available,62,1%,9,Mathematics,,,
orso.host,available,62,9%,5,"Business,Media,Technology",,,
accusing.host,available,62,1%,8,Law,,,
eightysix.host,available,60,7%,10,Mathematics,,,
aboveboard.host,available,60,5%,10,"Business,Law",,,
cxl.host,available,60,7%,3,Mathematics,,,
cxv.host,available,60,4%,3,Mathematics,,,
octet.host,available,60,12%,5,Arts,,,
thou.host,available,60,7%,4,Mathematics,,,
idolized.host,available,60,3%,8,"Entertainment,Fashion,Retail",,,
adnate.host,available,60,1%,6,"Agriculture,Manufacturing,Retail",,,
idolised.host,available,60,1%,8,"Entertainment,Fashion,Retail",,,
xcl.host,available,60,5%,3,Mathematics,,,
acceptive.host,available,60,1%,9,"Education,Healthcare",,,
annexal.host,available,60,1%,7,"Agriculture,Manufacturing,Retail",,,
cxx.host,available,60,9%,3,Mathematics,,,
clx.host,available,60,8%,3,Mathematics,,,
abstainer.host,available,60,0%,9,"Health and Fitness,Religion",,,
abstemious.host,available,60,0%,10,"Food and Beverage,Health and Fitness,Hospitality",,,
clxxx.host,available,60,1%,5,Mathematics,,,
clxx.host,available,60,2%,4,Mathematics,,,
cxxxv.host,available,60,1%,5,Mathematics,,,
paunchy.host,available,60,0%,7,"Health and Fitness,Medicine",,,
cautionary.host,available,60,1%,10,"Business,Education,Healthcare",,,
clxxv.host,available,60,1%,5,Mathematics,,,
adnexal.host,available,60,1%,7,"Agriculture,Manufacturing,Retail",,,
clxv.host,available,60,1%,4,Mathematics,,,
abashed.host,available,60,1%,7,Humanities,,,
cxlv.host,available,60,2%,4,Mathematics,,,
cxxv.host,available,60,1%,4,Mathematics,,,
tertiary.host,available,60,4%,8,Education,,,
sixty.host,available,60,13%,5,Mathematics,,,
cxxx.host,available,60,3%,4,Mathematics,,,
tercet.host,available,59,2%,6,"Arts,Entertainment,Media",,,
tetrad.host,available,58,5%,6,Mathematics,,,
acetic.host,available,58,1%,6,"Food and Beverage,Science",,,
heptad.host,available,58,2%,6,Mathematics,,,
acyclic.host,available,58,4%,7,"Engineering,Mathematics,Science",,,
actuarial.host,available,58,8%,9,"Finance,Insurance,Mathematics",,,
justabout.host,available,58,3%,10,"Business,Media,Technology",,,
ache.host,available,58,7%,4,Healthcare,,,
lxxx.host,available,58,2%,4,Mathematics,,,
sextuplet.host,available,58,1%,9,Healthcare,,,
abandoned.host,available,58,10%,9,"Construction,Real Estate",,,
super.host,available,58,47%,5,Business,,,
seventy.host,available,58,7%,7,Mathematics,,,
fourscore.host,available,58,4%,9,Mathematics,,,
closeto.host,available,58,3%,8,"Business,Media,Technology",,,
accoutred.host,available,58,1%,9,"Fashion,Manufacturing,Retail",,,
accretive.host,available,58,6%,9,"Banking,Finance,Insurance",,,
seven.host,available,58,35%,5,Mathematics,,,
accented.host,available,58,3%,8,"Arts,Entertainment",,,
adjustive.host,available,58,1%,9,"Manufacturing,Retail,Technology",,,
quintet.host,available,58,8%,7,"Arts,Entertainment",,,
sixer.host,available,58,5%,5,Sports,,,
addressed.host,available,58,3%,9,"Business,Technology,Telecommunications",,,
twelfth.host,available,58,2%,7,Mathematics,,,
hexad.host,available,58,5%,5,Mathematics,,,
abused.host,available,58,5%,6,"Healthcare,Law",,,
centesimal.host,available,58,1%,10,Mathematics,,,
adient.host,available,58,4%,6,"Medicine,Science",,,
abuzz.host,available,58,5%,5,"Entertainment,Media,Technology",,,
octad.host,available,58,5%,5,Mathematics,,,
addible.host,available,58,2%,7,"Engineering,Mathematics,Science",,,
sixtyone.host,available,58,5%,9,Mathematics,,,
fifth.host,available,58,12%,5,Mathematics,,,
pentad.host,available,58,3%,6,Mathematics,,,
alacarte.host,available,58,11%,10,Food and Beverage,,,
enwrapped.host,available,58,0%,9,"Entertainment,Fashion,Media",,,
abridged.host,available,58,4%,8,Media,,,
eighter.host,available,58,2%,7,Mathematics,,,
aucourant.host,available,58,3%,10,"Fashion,Media",,,
offhanded.host,available,58,1%,9,Entertainment,,,
niner.host,available,58,5%,5,Mathematics,,,
lxxviii.host,available,58,1%,7,Mathematics,,,
fiftyfive.host,available,56,8%,10,Mathematics,,,
terzetto.host,available,56,3%,8,Arts,,,
xxix.host,available,56,4%,4,Mathematics,,,
appressed.host,available,56,0%,9,"Agriculture,Manufacturing,Retail",,,
fiftysix.host,available,56,4%,9,Mathematics,,,
abeyant.host,available,56,1%,7,"Business,Law",,,
xxxvi.host,available,56,1%,5,Mathematics,,,
xxvii.host,available,56,3%,5,Mathematics,,,
fortysix.host,available,56,4%,9,Mathematics,,,
abdominous.host,available,56,0%,10,"Health and Fitness,Medicine",,,
potbellied.host,available,56,0%,10,"Health and Fitness,Medicine",,,
maledict.host,available,56,1%,8,Religion,,,
fiftyfour.host,available,56,4%,10,Mathematics,,,
xli.host,available,56,5%,3,Mathematics,,,
admittible.host,available,56,1%,10,"Education,Healthcare,Hospitality",,,
xliii.host,available,56,1%,5,Mathematics,,,
admissive.host,available,56,1%,9,"Education,Healthcare,Hospitality",,,
xxxiii.host,available,56,2%,6,Mathematics,,,
addled.host,available,56,2%,6,Entertainment,,,
halfdozen.host,available,56,1%,10,Mathematics,,,
xlvi.host,available,56,3%,4,Mathematics,,,
fortytwo.host,available,56,17%,9,Mathematics,,,
xlvii.host,available,56,2%,5,Mathematics,,,
xlviii.host,available,56,1%,6,Mathematics,,,
xxviii.host,available,56,1%,6,Mathematics,,,
lvi.host,available,56,8%,3,Mathematics,,,
fiftyone.host,available,56,8%,9,Mathematics,,,
lviii.host,available,56,1%,5,Mathematics,,,
xliv.host,available,56,3%,4,Mathematics,,,
accoutered.host,available,56,0%,10,"Fashion,Manufacturing,Retail",,,
xxxviii.host,available,56,1%,7,Mathematics,,,
fortynine.host,available,56,3%,10,Mathematics,,,
triad.host,available,56,15%,5,Arts,,,
xxxvii.host,available,56,2%,6,Mathematics,,,
thirtyone.host,available,56,4%,10,Mathematics,,,
fortyone.host,available,56,5%,9,Mathematics,,,
thirtytwo.host,available,56,4%,10,Mathematics,,,
xxxiv.host,available,56,1%,5,Mathematics,,,
ilx.host,available,56,6%,3,Mathematics,,,
aone.host,available,56,15%,5,Food and Beverage,,,
fiftynine.host,available,56,4%,10,Mathematics,,,
thirtysix.host,available,56,5%,10,Mathematics,,,
liii.host,available,56,4%,4,Mathematics,,,
admittable.host,available,56,1%,10,"Education,Healthcare,Hospitality",,,
lii.host,available,56,7%,3,Mathematics,,,
xlii.host,available,56,5%,4,Mathematics,,,
xlv.host,available,56,6%,3,Mathematics,,,
xxxii.host,available,56,1%,5,Mathematics,,,
lvii.host,available,56,2%,4,Mathematics,,,
fiftytwo.host,available,56,6%,9,Mathematics,,,
xxxi.host,available,56,8%,4,Mathematics,,,
xxxv.host,available,56,4%,4,Mathematics,,,
xxiv.host,available,56,5%,4,Mathematics,,,
xxiii.host,available,56,4%,5,Mathematics,,,
adpressed.host,available,54,0%,9,"Agriculture,Manufacturing,Retail",,,
twoscore.host,available,54,2%,8,Mathematics,,,
achy.host,available,54,3%,4,Healthcare,,,
abhorrent.host,available,54,1%,9,Humanities,,,
abatic.host,available,54,1%,6,Science,,,
quatern.host,available,54,2%,7,Mathematics,,,
unnatural.host,available,54,4%,9,"Medicine,Science",,,
accentual.host,available,54,3%,9,"Arts,Entertainment",,,
achromatic.host,available,54,4%,10,Science,,,
adducent.host,available,54,1%,8,"Engineering,Mathematics,Science",,,
deserted.host,available,54,3%,8,"Hospitality,Real Estate",,,
abatable.host,available,54,1%,8,Law,,,
deuceace.host,available,54,1%,9,Sports,,,
accursed.host,available,54,3%,8,"Entertainment,Media,Religion",,,
quaternion.host,available,54,6%,10,Mathematics,,,
ternion.host,available,54,3%,7,Mathematics,,,
abaxial.host,available,54,1%,7,Science,,,
quintuplet.host,available,54,1%,10,"Healthcare,Medicine,Science",,,
adjuratory.host,available,54,0%,10,"Law,Politics,Religion",,,
fortyfive.host,available,54,5%,10,Mathematics,,,
iii.host,available,54,24%,3,Mathematics,,,
fin.host,available,54,30%,3,Finance,,,
quaternity.host,available,54,4%,10,Mathematics,,,
viii.host,available,54,6%,4,Mathematics,,,
admonitory.host,available,54,0%,10,"Business,Education,Healthcare",,,
adductive.host,available,54,0%,9,"Engineering,Mathematics,Science",,,
vii.host,available,54,13%,3,Mathematics,,,
abasic.host,available,54,1%,6,Science,,,
aboral.host,available,54,2%,6,Science,,,
actuated.host,available,54,2%,8,"Automotive,Manufacturing,Technology",,,
scratchy.host,available,54,3%,8,Fashion,,,
monitory.host,available,54,3%,8,"Business,Education,Healthcare",,,
quadruplet.host,available,54,1%,10,"Healthcare,Medicine,Science",,,
sise.host,available,54,5%,4,Mathematics,,,
adaxial.host,available,54,2%,7,Science,,,
acoustical.host,available,54,4%,10,Science,,,
abient.host,available,54,1%,6,Science,,,
abducens.host,available,54,1%,8,Medicine,,,
threescore.host,available,54,2%,10,Mathematics,,,
adducting.host,available,54,1%,9,"Engineering,Mathematics,Science",,,
sestet.host,available,53,1%,6,Arts,,,
xxx.host,available,53,30%,3,"Arts,Entertainment,Media",,,
septet.host,available,53,1%,6,General,,,
xciii.host,available,52,1%,5,Mathematics,,,
eightyone.host,available,52,3%,10,Mathematics,,,
lxvi.host,available,52,3%,4,Mathematics,,,
lxviii.host,available,52,2%,6,Mathematics,,,
abusive.host,available,52,3%,7,"Healthcare,Law",,,
xcvi.host,available,52,2%,4,Mathematics,,,
littlejoe.host,available,52,2%,10,"Entertainment,Media",,,
lxxxvi.host,available,52,1%,6,Mathematics,,,
lxxxi.host,available,52,1%,5,Mathematics,,,
sixtytwo.host,available,52,3%,9,Mathematics,,,
lxxxii.host,available,52,1%,6,Mathematics,,,
lxvii.host,available,52,1%,5,Mathematics,,,
ablated.host,available,52,1%,7,Science,,,
adenoidal.host,available,52,1%,9,"Health and Fitness,Medicine,Science",,,
tierce.host,available,52,3%,6,General,,,
lxxxvii.host,available,52,1%,7,Mathematics,,,
ninetytwo.host,available,52,4%,10,Mathematics,,,
lxxvii.host,available,52,2%,6,Mathematics,,,
eightytwo.host,available,52,4%,10,Mathematics,,,
lxxxiv.host,available,52,1%,6,Mathematics,,,
lxxvi.host,available,52,1%,5,Mathematics,,,
lxxiii.host,available,52,2%,6,Mathematics,,,
chagrined.host,available,52,1%,9,Humanities,,,
lxxiv.host,available,52,1%,5,Mathematics,,,
detestable.host,available,52,1%,10,Humanities,,,
aboulic.host,available,52,1%,7,Medicine,,,
lxxxiii.host,available,52,1%,7,Mathematics,,,
xcii.host,available,52,2%,4,Mathematics,,,
lxxxv.host,available,52,1%,5,Mathematics,,,
ixl.host,available,52,9%,3,Mathematics,,,
sixtysix.host,available,52,5%,9,Mathematics,,,
lxiii.host,available,52,2%,5,Mathematics,,,
repulsive.host,available,52,1%,9,Humanities,,,
xcv.host,available,52,7%,3,Mathematics,,,
xcvii.host,available,52,1%,5,Mathematics,,,
uphill.host,available,52,7%,6,"Sports,Transportation,Travel",,,
odious.host,available,52,2%,6,"Entertainment,Humanities",,,
xciv.host,available,52,2%,4,Mathematics,,,
xci.host,available,52,4%,3,Mathematics,,,
xcviii.host,available,52,1%,6,Mathematics,,,
ninetyone.host,available,52,5%,10,Mathematics,,,
abstruse.host,available,52,5%,8,"Humanities,Mathematics,Science",,,
ixc.host,available,52,5%,3,Mathematics,,,
sixtyfour.host,available,52,4%,10,Mathematics,,,
lxiv.host,available,52,3%,4,Mathematics,,,
lxxv.host,available,52,2%,4,Mathematics,,,
decumbent.host,available,52,1%,9,"Healthcare,Medicine,Science",,,
lxxii.host,available,52,1%,5,Mathematics,,,
lxi.host,available,52,5%,3,Mathematics,,,
repugnant.host,available,52,1%,9,Humanities,,,
abysmal.host,available,52,4%,7,"Arts,Entertainment,Media",,,
lxii.host,available,52,2%,4,Mathematics,,,
ninetysix.host,available,52,4%,10,Mathematics,,,
sixtyfive.host,available,52,3%,10,Mathematics,,,
lxxi.host,available,52,2%,4,Mathematics,,,
lxv.host,available,52,5%,3,Mathematics,,,
abominable.host,available,52,2%,10,"Entertainment,Humanities",,,
triplet.host,available,50,8%,7,Science,,,
acerb.host,available,50,2%,5,Science,,,
abranchial.host,available,50,0%,10,Science,,,
quint.host,available,50,13%,5,"Arts,Entertainment",,,
abactinal.host,available,50,0%,9,Science,,,
lxx.host,available,50,5%,3,Mathematics,,,
abbatial.host,available,50,0%,8,Religion,,,
spinous.host,available,50,1%,7,"Agriculture,Science",,,
acetous.host,available,50,1%,7,Science,,,
acaudal.host,available,50,1%,7,"Agriculture,Science",,,
acquitted.host,available,50,1%,9,Law,,,
acellular.host,available,50,1%,9,Science,,,
adhominem.host,available,50,2%,10,"Humanities,Law,Politics",,,
acapnic.host,available,50,0%,7,"Healthcare,Medicine,Science",,,
gillless.host,available,50,0%,9,Science,,,
vinegary.host,available,50,1%,8,Food and Beverage,,,
abomasal.host,available,50,0%,8,Agriculture,,,
abducting.host,available,50,0%,9,Medicine,,,
adactylous.host,available,50,0%,10,Science,,,
trine.host,available,50,11%,5,"General,Religion",,,
aculeated.host,available,50,0%,9,"Engineering,Medicine,Science",,,
abdicable.host,available,50,0%,9,Law,,,
acerose.host,available,50,1%,7,Science,,,
broached.host,available,50,0%,8,Food and Beverage,,,
scummy.host,available,50,1%,6,Humanities,,,
acetose.host,available,50,1%,7,Science,,,
acapnotic.host,available,50,0%,9,"Healthcare,Medicine,Science",,,
acerbic.host,available,50,2%,7,"Arts,Humanities,Media",,,
cinque.host,available,50,7%,6,Mathematics,,,
aborticide.host,available,50,0%,10,Medicine,,,
ogdoad.host,available,50,1%,6,Mathematics,,,
needlelike.host,available,50,0%,10,"Engineering,Medicine,Science",,,
lxxxviii.host,available,48,1%,8,Mathematics,,,
abstracted.host,available,48,5%,10,"Arts,Humanities,Science",,,
apriori.host,available,48,13%,8,Mathematics,,,
ilxx.host,available,48,1%,4,Mathematics,,,
execrable.host,available,48,0%,9,"Entertainment,Humanities",,,
ilxxx.host,available,48,1%,5,Mathematics,,,
notguilty.host,available,48,5%,10,Law,,,
abyssal.host,available,48,12%,7,"Arts,Entertainment,Media",,,
stemless.host,available,46,2%,8,"Agriculture,Science",,,
acetylic.host,available,46,1%,8,Science,,,
acanthous.host,available,46,0%,9,"Agriculture,Science",,,
achenial.host,available,46,1%,8,Science,,,
acephalous.host,available,46,1%,10,Science,,,
acanthotic.host,available,46,0%,10,"Agriculture,Science",,,
acetonic.host,available,46,1%,8,Science,,,
quaternary.host,available,46,3%,10,Mathematics,,,
stripling.host,available,46,2%,9,"Education,Entertainment,Healthcare",,,
acaudate.host,available,46,1%,8,"Agriculture,Science",,,
cotyloid.host,available,46,1%,8,Science,,,
acicular.host,available,46,2%,8,Science,,,
acetylenic.host,available,46,1%,10,Science,,,
theabsurd.host,available,46,1%,10,"Arts,Entertainment,Media",,,
acarpelous.host,available,46,0%,10,"Agriculture,Science",,,
acetabular.host,available,46,1%,10,Science,,,
acheronian.host,available,46,1%,10,Humanities,,,
acarpous.host,available,46,0%,8,"Agriculture,Science",,,
achromic.host,available,46,2%,8,Science,,,
acapnial.host,available,46,0%,8,"Healthcare,Medicine,Science",,,
acanthoid.host,available,46,1%,9,"Agriculture,Science",,,
vinegarish.host,available,46,1%,10,Food and Beverage,,,
achromous.host,available,46,1%,9,Science,,,
cotyloidal.host,available,44,1%,10,Science,,,
accusatory.host,available,44,1%,10,Law,,,
acherontic.host,available,44,1%,10,Humanities,,,
abscessed.host,available,41,0%,9,Healthcare,,,
scurrilous.host,available,40,1%,10,"Entertainment,Media,Politics",,,
accurst.host,available,40,1%,7,Religion,,,
accusive.host,available,40,1%,8,Law,,,